,size,speed,energy
0,489.5836598442753,51.034297924676295,71.02784970878153
1,474.5836598442753,66.0342979246763,14.260917335581098
2,489.5836598442753,51.034297924676295,39.48960504063366
3,474.5836598442753,66.0342979246763,52.62755266291866
4,459.5836598442753,51.034297924676295,74.17889291564879
5,459.5836598442753,81.0342979246763,54.62267343039234
6,459.5836598442753,51.034297924676295,15.066435515701684
7,474.5836598442753,36.034297924676295,24.323409442339084
