,size,speed,energy
0,489.5836598442753,51.034297924676295,61.663220003601964
1,474.5836598442753,66.0342979246763,87.05210832096157
2,489.5836598442753,51.034297924676295,61.820956738896136
3,489.5836598442753,51.034297924676295,20.391121095410575
4,474.5836598442753,66.0342979246763,58.943791373493184
5,459.5836598442753,51.034297924676295,41.839682136326545
6,459.5836598442753,81.0342979246763,39.04676950209729
