,size,speed,energy
0,489.5836598442753,51.034297924676295,67.26606425940673
