,size,speed,energy
0,489.5836598442753,51.034297924676295,53.637632448008986
