,size,speed,energy
0,324.02464187619694,467.10693200973276,10.326033417371528
1,489.5836598442753,51.034297924676295,23.480801646364235
