,size,speed,energy
0,489.5836598442753,51.034297924676295,55.31958154001033
1,474.5836598442753,66.0342979246763,51.454719277940484
2,474.5836598442753,66.0342979246763,7.463306081032954
3,489.5836598442753,51.034297924676295,27.33475393430801
