,size,speed,energy
0,489.5836598442753,51.034297924676295,33.19910782905258
1,500.0,66.0342979246763,32.4285511443512
2,474.5836598442753,66.0342979246763,49.290064539896754
