,size,speed,energy
0,489.5836598442753,51.034297924676295,48.336989675141666
1,474.5836598442753,66.0342979246763,42.78837799250141
2,489.5836598442753,51.034297924676295,66.14206569755414
3,489.5836598442753,51.034297924676295,7.064890766950512
4,474.5836598442753,66.0342979246763,56.283855933924926
5,459.5836598442753,51.034297924676295,29.075951807866446
6,459.5836598442753,81.0342979246763,23.845539173637277
7,459.5836598442753,81.0342979246763,45.17840903525909
