,size,speed,energy
0,375.10882705297524,416.1444476365758,50
1,324.02464187619694,467.10693200973276,50
2,377.9238958192573,361.6765578187154,50
3,479.41061978278856,259.48424329192204,50
4,489.5836598442753,51.034297924676295,50
