,size,speed,energy
0,489.5836598442753,51.034297924676295,46.52533815751288
1,500.0,66.0342979246763,29.460007347837667
2,474.5836598442753,66.0342979246763,38.86318282352441
