,size,speed,energy
0,489.5836598442753,51.034297924676295,47.001188928381666
1,500.0,66.0342979246763,33.32012757280697
2,474.5836598442753,66.0342979246763,35.62332036172187
