,size,speed,energy
0,489.5836598442753,51.034297924676295,68.64581186847039
1,474.5836598442753,66.0342979246763,70.46174932786529
2,474.5836598442753,66.0342979246763,21.72703640949311
