,size,speed,energy
0,489.5836598442753,51.034297924676295,53.72367463648167
1,474.5836598442753,66.0342979246763,46.94243525044723
2,489.5836598442753,51.034297924676295,42.420705518911184
3,489.5836598442753,51.034297924676295,47.04358175233086
4,500.0,66.0342979246763,29.4103885317448
