,size,speed,energy
0,489.5836598442753,51.034297924676295,51.716484503976346
1,489.5836598442753,51.034297924676295,62.9697738233823
2,474.5836598442753,66.0342979246763,63.43437599040564
3,459.5836598442753,51.034297924676295,77.97217690181556
4,459.5836598442753,81.0342979246763,39.421443101932326
5,459.5836598442753,51.034297924676295,23.773212975687258
6,474.5836598442753,36.034297924676295,12.497179113878897
7,500.0,66.0342979246763,20.418813640853006
8,474.5836598442753,66.0342979246763,41.50356779577039
