,size,speed,energy
0,489.5836598442753,51.034297924676295,73.37655336936568
1,500.0,66.0342979246763,17.688264437971213
2,474.5836598442753,66.0342979246763,72.2653443816935
