,size,speed,energy
0,489.5836598442753,51.034297924676295,48.36464645154956
1,474.5836598442753,66.0342979246763,28.524647664041254
2,489.5836598442753,51.034297924676295,52.81583536909396
3,474.5836598442753,66.0342979246763,66.89128299137882
4,459.5836598442753,51.034297924676295,66.51616123287481
5,459.5836598442753,81.0342979246763,8.644308845177177
6,459.5836598442753,81.0342979246763,58.94605175210556
7,459.5836598442753,51.034297924676295,27.830165844161783
