,size,speed,energy
0,489.5836598442753,51.034297924676295,60.05032304090588
1,500.0,66.0342979246763,2.9479777315912266
2,474.5836598442753,66.0342979246763,58.00161405323334
