,size,speed,energy
0,489.5836598442753,51.034297924676295,72.19193818410136
1,474.5836598442753,66.0342979246763,63.4074917384916
