,size,speed,energy
0,489.5836598442753,51.034297924676295,70.49551982627628
1,500.0,66.0342979246763,19.239590704342607
