,size,speed,energy
0,375.10882705297524,416.1444476365758,9.154973122284845
1,324.02464187619694,467.10693200973276,33.05025112349497
2,377.9238958192573,361.6765578187154,13.52770663061821
3,479.41061978278856,259.48424329192204,19.92795611160417
4,489.5836598442753,51.034297924676295,36.6737696715397
