,size,speed,energy
0,489.5836598442753,51.034297924676295,50.495801495462885
1,474.5836598442753,66.0342979246763,48.83691117107158
2,489.5836598442753,51.034297924676295,49.51392763624036
3,489.5836598442753,51.034297924676295,33.71735142387056
4,500.0,66.0342979246763,14.67010182536481
5,474.5836598442753,66.0342979246763,25.57824359817735
