,size,speed,energy
0,177.37144910431059,246.85115936442327,10.532266885784942
1,132.28465333135054,118.68566262744434,48.675998151267905
2,155.82527405528913,348.53218643475316,19.636505415505564
