,size,speed,energy
0,177.37144910431059,246.85115936442327,41.11357303722856
1,132.28465333135054,118.68566262744434,66.79354416576165
2,155.82527405528913,348.53218643475316,34.043719676653886
