,size,speed,energy
0,132.28465333135054,118.68566262744434,72.01975002796058
1,147.28465333135054,103.68566262744434,22.9863648211405
