,size,speed,energy
0,177.37144910431059,246.85115936442327,29.06830424800467
1,132.28465333135054,118.68566262744434,42.54644948887675
2,155.82527405528913,348.53218643475316,31.798075574781347
