,size,speed,energy
0,132.28465333135054,118.68566262744434,62.95764098790037
1,117.28465333135054,133.68566262744434,55.90490498723662
2,102.28465333135054,118.68566262744434,58.59179950543322
3,132.28465333135054,148.68566262744434,61.39589506834561
4,132.28465333135054,118.68566262744434,61.236850302911726
5,117.28465333135054,133.68566262744434,64.96658979376022
6,132.28465333135054,118.68566262744434,27.696526005695883
