,size,speed,energy
0,177.37144910431059,246.85115936442327,38.98165207373309
1,132.28465333135054,118.68566262744434,54.66999682731912
2,155.82527405528913,348.53218643475316,43.57845226972573
