,size,speed,energy
0,132.28465333135054,118.68566262744434,64.12718111702301
1,147.28465333135054,103.68566262744434,19.037673608326344
