,size,speed,energy
0,132.28465333135054,118.68566262744434,47.087481720850704
1,117.28465333135054,103.68566262744434,14.195234168403651
2,117.28465333135054,133.68566262744434,49.82202206549732
3,102.28465333135054,118.68566262744434,20.63555165586156
4,132.28465333135054,148.68566262744434,53.41378766179407
5,132.28465333135054,118.68566262744434,28.908880739540155
