,size,speed,energy
0,132.28465333135054,118.68566262744434,52.551838937017905
1,117.28465333135054,103.68566262744434,3.5716868299609885
2,117.28465333135054,133.68566262744434,58.493746050458746
3,102.28465333135054,118.68566262744434,70.15284684387572
4,132.28465333135054,148.68566262744434,57.84260868738871
5,132.28465333135054,118.68566262744434,28.172303036581923
6,117.28465333135054,133.68566262744434,45.12768507394385
