,size,speed,energy
0,71.67441112680079,220.30795102313564,30.756083770742748
1,177.37144910431059,246.85115936442327,26.61762863093466
2,132.28465333135054,118.68566262744434,37.876452661557636
3,330.4685029913437,464.484049071136,6.06438658188253
4,155.82527405528913,348.53218643475316,18.760035963639712
