,size,speed,energy
0,177.37144910431059,246.85115936442327,22.035406295724787
1,132.28465333135054,118.68566262744434,40.55732041374375
2,155.82527405528913,348.53218643475316,39.42289320171192
