,size,speed,energy
0,71.67441112680079,220.30795102313564,50
1,177.37144910431059,246.85115936442327,50
2,132.28465333135054,118.68566262744434,50
3,330.4685029913437,464.484049071136,50
4,155.82527405528913,348.53218643475316,50
