,size,speed,energy
0,132.28465333135054,118.68566262744434,49.01506047596243
1,147.28465333135054,103.68566262744434,11.800317482697928
2,117.28465333135054,103.68566262744434,45.95964071034768
