,size,speed,energy
0,132.28465333135054,118.68566262744434,48.77581691614578
1,117.28465333135054,103.68566262744434,24.818781506846314
2,117.28465333135054,133.68566262744434,43.60127431790014
