,size,speed,energy
0,132.28465333135054,118.68566262744434,32.36982596951876
