,size,speed,energy
0,132.28465333135054,118.68566262744434,52.85924425804522
1,147.28465333135054,103.68566262744434,0.6142701442552441
2,117.28465333135054,103.68566262744434,35.33609337190466
