,size,speed,energy
0,423.69082156017197,80.87912287610911,56.23384564368351
1,408.69082156017197,95.87912287610911,55.134870976399995
2,438.69082156017197,65.87912287610911,27.5559363051713
