,size,speed,energy
0,423.69082156017197,80.87912287610911,39.03238096672958
1,311.2288465332439,129.39041390208308,17.30297599591495
2,329.7568418333687,300.1819339360474,17.9095335180421
3,37.14448523083213,261.2348059599108,17.031321852551045
4,99.28918322132658,496.08406118808114,44.74692406828129
