,size,speed,energy
0,423.69082156017197,80.87912287610911,28.878799837855155
1,37.14448523083213,261.2348059599108,39.0806604711662
2,99.28918322132658,496.08406118808114,3.0616330683222164
