,size,speed,energy
0,423.69082156017197,80.87912287610911,28.950293825710283
1,408.69082156017197,95.87912287610911,4.430036646663433
2,438.69082156017197,65.87912287610911,42.60857116643159
3,408.69082156017197,95.87912287610911,50.24544297592722
