,size,speed,energy
0,423.69082156017197,80.87912287610911,52.35760540639935
1,37.14448523083213,261.2348059599108,48.41564624014999
