,size,speed,energy
0,438.69082156017197,65.87912287610911,63.545395966633464
1,408.69082156017197,95.87912287610911,44.95864476388584
