,size,speed,energy
0,423.69082156017197,80.87912287610911,44.01747853470059
1,408.69082156017197,95.87912287610911,35.336299922537435
2,438.69082156017197,65.87912287610911,31.657460621820817
3,408.69082156017197,95.87912287610911,14.85593099482179
