,size,speed,energy
0,438.69082156017197,65.87912287610911,49.30415306395864
1,408.69082156017197,95.87912287610911,44.00423973975332
2,423.69082156017197,80.87912287610911,46.0881424000853
3,393.69082156017197,110.87912287610911,21.112490617286543
4,423.69082156017197,110.87912287610911,37.884861758464346
5,393.69082156017197,110.87912287610911,45.36355572198744
6,408.69082156017197,125.87912287610911,22.664841028445746
7,408.69082156017197,125.87912287610911,23.380466293963234
8,453.69082156017197,80.87912287610911,27.135154988791985
