,size,speed,energy
0,423.69082156017197,80.87912287610911,52.43521637206585
1,408.69082156017197,95.87912287610911,38.642299413771546
