,size,speed,energy
0,423.69082156017197,80.87912287610911,37.841973768462275
1,37.14448523083213,261.2348059599108,26.493859157829213
