,size,speed,energy
0,423.69082156017197,80.87912287610911,61.7822058725248
1,408.69082156017197,95.87912287610911,50.78943156047437
2,438.69082156017197,65.87912287610911,45.235592259758036
