,size,speed,energy
0,423.69082156017197,80.87912287610911,47.937889120739015
1,37.14448523083213,261.2348059599108,28.392295292239716
