,size,speed,energy
0,423.69082156017197,80.87912287610911,14.363168199918078
1,37.14448523083213,261.2348059599108,59.580504973349676
