,size,speed,energy
0,408.69082156017197,155.8791228761091,36.541282013521034
1,378.69082156017197,95.87912287610911,54.65881431761481
2,468.69082156017197,65.87912287610911,44.54686305171265
3,363.69082156017197,110.87912287610911,0.6055383879726888
4,393.69082156017197,140.8791228761091,55.84827479726788
5,423.69082156017197,110.87912287610911,18.25670463455586
6,483.69082156017197,50.87912287610911,32.2660366918067
7,453.69082156017197,50.87912287610911,35.954596395494406
8,393.69082156017197,140.8791228761091,37.889850309887535
