,size,speed,energy
0,423.69082156017197,80.87912287610911,27.202582367809356
1,408.69082156017197,95.87912287610911,66.2425631984114
2,438.69082156017197,65.87912287610911,34.39963559297477
