,size,speed,energy
0,423.69082156017197,80.87912287610911,34.978290686886
1,37.14448523083213,261.2348059599108,37.6587178910289
