,size,speed,energy
0,423.69082156017197,80.87912287610911,29.50184689676351
1,408.69082156017197,95.87912287610911,19.8831682846005
2,438.69082156017197,65.87912287610911,18.0793289838836
3,408.69082156017197,95.87912287610911,51.61802945954709
