,size,speed,energy
0,423.69082156017197,80.87912287610911,41.71821400574643
1,408.69082156017197,95.87912287610911,63.396563168307466
2,438.69082156017197,65.87912287610911,13.977804667234109
