,size,speed,energy
0,423.69082156017197,80.87912287610911,53.54801260466666
1,311.2288465332439,129.39041390208308,33.651487997957474
2,329.7568418333687,300.1819339360474,19.4272770833203
3,37.14448523083213,261.2348059599108,28.078212917679224
4,99.28918322132658,496.08406118808114,21.44369412845855
