,size,speed,energy
0,408.69082156017197,155.8791228761091,16.213150375583993
1,378.69082156017197,95.87912287610911,56.03595516848951
2,468.69082156017197,65.87912287610911,30.406231413775274
3,393.69082156017197,140.8791228761091,66.31837458638925
4,423.69082156017197,110.87912287610911,38.55491436566682
5,483.69082156017197,50.87912287610911,19.0629050538695
6,453.69082156017197,50.87912287610911,34.17329841521507
7,393.69082156017197,140.8791228761091,19.061718671950363
