,size,speed,energy
0,423.69082156017197,80.87912287610911,37.919584734128776
1,408.69082156017197,95.87912287610911,48.592931459832855
