,size,speed,energy
0,423.69082156017197,80.87912287610911,45.944280794472434
