,size,speed,energy
0,423.69082156017197,80.87912287610911,14.434662187773206
1,438.69082156017197,65.87912287610911,52.34934035357618
2,408.69082156017197,95.87912287610911,60.41177640182278
