,size,speed,energy
0,423.69082156017197,80.87912287610911,20.46265904894892
1,37.14448523083213,261.2348059599108,50.68601878351311
