,size,speed,energy
0,423.69082156017197,80.87912287610911,43.39443147579223
1,311.2288465332439,129.39041390208308,0.9544639938723924
2,329.7568418333687,300.1819339360474,3.6029513092448546
3,37.14448523083213,261.2348059599108,36.41814485084228
4,99.28918322132658,496.08406118808114,2.578421911349781
