,size,speed,energy
0,438.69082156017197,65.87912287610911,66.56830384966143
1,408.69082156017197,95.87912287610911,59.45737137769025
2,423.69082156017197,80.87912287610911,44.07981205300105
3,393.69082156017197,110.87912287610911,37.50312225522357
4,423.69082156017197,110.87912287610911,28.13515551982693
5,393.69082156017197,110.87912287610911,28.8526557853444
