,size,speed,energy
0,92.56397633334393,276.4341146284702,66.72201807426664
1,237.51178104395186,244.41271743896044,47.29535878728214
2,252.51178104395186,229.41271743896044,48.36336928640387
3,192.51178104395186,199.41271743896044,59.15887304506457
4,222.51178104395186,169.41271743896044,11.622034432544837
5,237.51178104395186,214.41271743896044,19.21548152713943
6,252.51178104395186,259.41271743896044,36.88459503347355
7,77.56397633334393,291.4341146284702,12.297813138619198
8,207.51178104395186,184.41271743896044,19.99657903116042
