,size,speed,energy
0,282.5117810439518,229.41271743896044,50.92658302293009
1,222.51178104395186,229.41271743896044,34.51753274563647
2,137.56397633334393,291.4341146284702,45.08635192807692
3,267.5117810439518,214.41271743896044,51.443756412226364
4,237.51178104395186,214.41271743896044,68.75798500443986
5,152.56397633334393,306.4341146284702,72.95421722316598
6,137.56397633334393,291.4341146284702,28.630135299005744
7,167.56397633334393,291.4341146284702,21.417329161659723
8,137.56397633334393,291.4341146284702,23.43541340754662
