,size,speed,energy
0,282.5117810439518,259.41271743896044,44.25806852416109
1,282.5117810439518,229.41271743896044,60.61166354001444
2,222.51178104395186,229.41271743896044,52.37303528410724
3,107.56397633334393,291.4341146284702,67.65275364216609
4,137.56397633334393,291.4341146284702,43.59672558737762
5,122.56397633334393,306.4341146284702,79.30986719818864
6,207.51178104395186,214.41271743896044,27.442574497621237
7,237.51178104395186,214.41271743896044,28.687537248810628
