,size,speed,energy
0,92.56397633334393,276.4341146284702,25.13451252167632
1,192.51178104395186,169.41271743896044,24.277326219354602
