,size,speed,energy
0,282.5117810439518,229.41271743896044,46.294425452848145
1,222.51178104395186,229.41271743896044,43.49306022783654
2,107.56397633334393,291.4341146284702,55.79412274982316
3,137.56397633334393,291.4341146284702,63.67863773756993
4,122.56397633334393,306.4341146284702,5.602138089337679
5,267.5117810439518,214.41271743896044,8.652754998004172
6,237.51178104395186,214.41271743896044,32.103816022716636
7,207.51178104395186,214.41271743896044,18.80525465322436
