,size,speed,energy
0,282.5117810439518,229.41271743896044,33.574102810327496
1,222.51178104395186,229.41271743896044,46.834721090860405
2,137.56397633334393,291.4341146284702,58.08358562985068
3,267.5117810439518,214.41271743896044,19.500253553596593
4,237.51178104395186,214.41271743896044,47.90878005715362
5,122.56397633334393,306.4341146284702,3.891987484979154
6,122.56397633334393,276.4341146284702,10.193322904149227
7,237.51178104395186,214.41271743896044,23.87517382778293
