,size,speed,energy
0,92.56397633334393,276.4341146284702,38.32352851400507
1,192.51178104395186,169.41271743896044,41.651705405844126
