,size,speed,energy
0,282.5117810439518,229.41271743896044,52.5268192622183
1,222.51178104395186,229.41271743896044,57.329411932125865
2,137.56397633334393,291.4341146284702,45.914372576027894
3,267.5117810439518,214.41271743896044,22.099358968488595
4,237.51178104395186,214.41271743896044,73.36588713078294
5,237.51178104395186,214.41271743896044,2.2195384331582035
