,size,speed,energy
0,92.56397633334393,276.4341146284702,48.3894785721034
1,192.51178104395186,169.41271743896044,59.43681669176627
2,177.51178104395186,184.41271743896044,78.57951024408905
3,77.56397633334393,261.4341146284702,53.04535873413357
4,207.51178104395186,154.41271743896044,54.725166431877504
5,192.51178104395186,169.41271743896044,51.15046012796565
6,107.56397633334393,291.4341146284702,35.25876483188246
7,92.56397633334393,246.43411462847018,26.736248044527997
