,size,speed,energy
0,92.56397633334393,276.4341146284702,16.511770406168978
1,192.51178104395186,169.41271743896044,50.881756576415015
2,177.51178104395186,184.41271743896044,26.15450537083719
