,size,speed,energy
0,282.5117810439518,229.41271743896044,72.56778895635145
1,222.51178104395186,229.41271743896044,40.328180260490896
2,137.56397633334393,291.4341146284702,18.8280055582634
3,267.5117810439518,214.41271743896044,41.780221094487956
4,237.51178104395186,214.41271743896044,52.728970256787115
5,152.56397633334393,306.4341146284702,78.15984097735453
6,137.56397633334393,291.4341146284702,2.3717889291922964
7,167.56397633334393,291.4341146284702,44.05029459017227
8,222.51178104395186,199.41271743896044,24.82509950407823
