,size,speed,energy
0,92.56397633334393,276.4341146284702,46.84983255154272
1,192.51178104395186,169.41271743896044,32.180753801455644
2,364.3314986113263,197.8150637433837,20.186952249152416
