,size,speed,energy
0,92.56397633334393,276.4341146284702,76.20588917426265
1,192.51178104395186,169.41271743896044,74.40236316248335
2,177.51178104395186,184.41271743896044,20.345271307956608
