,size,speed,energy
0,92.56397633334393,276.4341146284702,51.582569281669045
1,192.51178104395186,169.41271743896044,52.97310839724042
2,177.51178104395186,184.41271743896044,50.38540934895861
3,77.56397633334393,261.4341146284702,67.26349794156083
4,207.51178104395186,154.41271743896044,71.16204561836732
