,size,speed,energy
0,92.56397633334393,276.4341146284702,50
1,192.51178104395186,169.41271743896044,50
2,167.77068350172107,206.04980110417148,50
3,364.3314986113263,197.8150637433837,50
4,53.242590260701576,287.8373287539129,50
