,size,speed,energy
0,92.56397633334393,276.4341146284702,25.804153630186732
1,192.51178104395186,169.41271743896044,55.46126313437086
2,167.77068350172107,206.04980110417148,30.11275334462905
3,364.3314986113263,197.8150637433837,27.096310471887442
4,53.242590260701576,287.8373287539129,25.614918471356418
