,size,speed,energy
0,237.51178104395186,214.41271743896044,41.98989983857673
1,252.51178104395186,259.41271743896044,14.767371870257337
2,77.56397633334393,291.4341146284702,42.87310926969663
3,92.56397633334393,306.4341146284702,34.562358686187096
4,237.51178104395186,244.41271743896044,53.93606919054248
5,92.56397633334393,306.4341146284702,51.73055650040206
6,107.56397633334393,321.4341146284702,62.62651892629556
7,77.56397633334393,291.4341146284702,42.26645598641825
8,252.51178104395186,259.41271743896044,29.225643624405315
