,size,speed,energy
0,92.56397633334393,276.4341146284702,50.93871130960762
1,192.51178104395186,169.41271743896044,75.62422950260282
2,177.51178104395186,184.41271743896044,28.675587965211477
3,77.56397633334393,261.4341146284702,42.66398516982863
