,size,speed,energy
0,92.56397633334393,276.4341146284702,27.693979397686594
1,192.51178104395186,169.41271743896044,58.74412753694949
