,size,speed,energy
0,92.56397633334393,276.4341146284702,43.29780559670434
1,192.51178104395186,169.41271743896044,48.93123907852815
2,177.51178104395186,184.41271743896044,38.65715049444631
