,size,speed,energy
0,92.56397633334393,276.4341146284702,43.24952263881092
1,192.51178104395186,169.41271743896044,38.086883947881496
2,167.77068350172107,206.04980110417148,10.225506689257777
3,364.3314986113263,197.8150637433837,8.104816854638791
