,size,speed,energy
0,92.56397633334393,276.4341146284702,22.296507510301346
1,192.51178104395186,169.41271743896044,35.28813108250772
