,size,speed,energy
0,269.91754629861157,62.69393548772386,59.94459951179661
1,288.64651863366686,134.83913709246352,60.79568688147279
2,273.64651863366686,119.83913709246352,63.51379198297066
