,size,speed,energy
0,269.91754629861157,62.69393548772386,28.582016987995438
1,288.64651863366686,134.83913709246352,29.360721780162493
2,273.64651863366686,119.83913709246352,39.11885751077871
3,288.64651863366686,134.83913709246352,34.99912814954664
4,254.91754629861157,77.69393548772386,42.097373919405655
5,273.64651863366686,149.83913709246352,31.875880971260756
