,size,speed,energy
0,269.91754629861157,62.69393548772386,18.427180736518842
1,288.64651863366686,134.83913709246352,38.96881162928226
2,273.64651863366686,119.83913709246352,24.251055397634886
3,288.64651863366686,134.83913709246352,18.63132603640276
4,254.91754629861157,77.69393548772386,59.0848564313726
5,273.64651863366686,149.83913709246352,58.161601819420696
6,239.91754629861157,62.69393548772386,27.218222487071845
