,size,speed,energy
0,269.91754629861157,62.69393548772386,48.89168949094804
1,288.64651863366686,134.83913709246352,50.45865490137203
2,273.64651863366686,119.83913709246352,68.85446173706659
3,288.64651863366686,134.83913709246352,22.625746354763805
4,254.91754629861157,77.69393548772386,43.425443095730145
