,size,speed,energy
0,269.91754629861157,62.69393548772386,35.66386586464745
1,206.1635759983397,111.16806934704121,10.867902605217013
2,288.64651863366686,134.83913709246352,66.0721933452481
