,size,speed,energy
0,269.91754629861157,62.69393548772386,15.626697793284208
1,206.1635759983397,111.16806934704121,5.584905720535913
2,288.64651863366686,134.83913709246352,59.959054473017794
