,size,speed,energy
0,269.91754629861157,62.69393548772386,29.791875859562204
1,206.1635759983397,111.16806934704121,24.204054631168287
2,288.64651863366686,134.83913709246352,56.77679047211512
3,273.64651863366686,119.83913709246352,10.077145168387275
