,size,speed,energy
0,269.91754629861157,62.69393548772386,30.651927078314834
1,288.64651863366686,134.83913709246352,68.84645594551817
2,273.64651863366686,119.83913709246352,31.72907282925044
