,size,speed,energy
0,269.91754629861157,62.69393548772386,40.806763329791124
1,288.64651863366686,134.83913709246352,43.41830508926947
2,273.64651863366686,119.83913709246352,32.21356907311325
