,size,speed,energy
0,269.91754629861157,62.69393548772386,25.50902961317098
1,206.1635759983397,111.16806934704121,31.380851089367976
2,288.64651863366686,134.83913709246352,76.66582968853469
