,size,speed,energy
0,288.64651863366686,134.83913709246352,63.91123833754133
1,288.64651863366686,134.83913709246352,72.02323520887663
2,254.91754629861157,77.69393548772386,51.040051361834955
3,273.64651863366686,149.83913709246352,72.60884284779259
4,239.91754629861157,62.69393548772386,71.71621507915167
5,269.91754629861157,92.69393548772386,45.48680368157909
6,273.64651863366686,149.83913709246352,42.64356240695932
