,size,speed,energy
0,269.91754629861157,62.69393548772386,68.5266283088546
1,288.64651863366686,134.83913709246352,38.85836553994214
2,273.64651863366686,119.83913709246352,63.00076649591275
3,288.64651863366686,134.83913709246352,38.99354846790769
