,size,speed,energy
0,269.91754629861157,62.69393548772386,5.471861541807635
1,288.64651863366686,134.83913709246352,38.89244511611212
2,273.64651863366686,119.83913709246352,26.948243508597933
