,size,speed,energy
0,269.91754629861157,62.69393548772386,63.67698992022916
1,288.64651863366686,134.83913709246352,55.22616765308602
2,273.64651863366686,119.83913709246352,58.09103396372914
3,288.64651863366686,134.83913709246352,55.36135058105157
