,size,speed,energy
0,24.604168467365923,306.1003270269334,24.66802027029839
1,269.91754629861157,62.69393548772386,39.84516374852376
2,206.1635759983397,111.16806934704121,37.10202731558425
3,288.64651863366686,134.83913709246352,48.43563229680935
4,273.64651863366686,119.83913709246352,24.9449472815311
