,size,speed,energy
0,288.64651863366686,134.83913709246352,57.53531500891735
1,288.64651863366686,134.83913709246352,70.96829298846902
2,254.91754629861157,77.69393548772386,75.40026894325821
3,273.64651863366686,149.83913709246352,52.441659533154905
4,239.91754629861157,62.69393548772386,54.871440601554795
