,size,speed,energy
0,288.64651863366686,134.83913709246352,58.78768984659621
1,288.64651863366686,134.83913709246352,55.6554330957324
2,254.91754629861157,77.69393548772386,39.947715110358146
3,273.64651863366686,149.83913709246352,73.88267564888451
4,239.91754629861157,62.69393548772386,62.123878827674915
5,269.91754629861157,92.69393548772386,32.894467430102225
6,273.64651863366686,149.83913709246352,44.83948466421066
7,288.64651863366686,164.83913709246352,22.101773112479606
8,303.64651863366686,119.83913709246352,27.376848640765516
