,size,speed,energy
0,269.91754629861157,62.69393548772386,38.7368532394718
1,288.64651863366686,134.83913709246352,45.728523893306374
2,273.64651863366686,119.83913709246352,53.986659623922534
3,288.64651863366686,134.83913709246352,17.813049341238404
4,254.91754629861157,77.69393548772386,53.189710170882464
5,273.64651863366686,149.83913709246352,21.174295922296693
