,size,speed,energy
0,24.604168467365923,306.1003270269334,50
1,131.39831960974632,78.08024363731512,50
2,269.91754629861157,62.69393548772386,50
3,206.1635759983397,111.16806934704121,50
4,288.64651863366686,134.83913709246352,50
