,size,speed,energy
0,269.91754629861157,62.69393548772386,19.637039608085608
1,206.1635759983397,111.16806934704121,11.306081946752249
2,288.64651863366686,134.83913709246352,40.408988358971236
