,size,speed,energy
0,269.91754629861157,62.69393548772386,25.781534044760804
1,206.1635759983397,111.16806934704121,18.482878404951872
2,288.64651863366686,134.83913709246352,76.32685658616221
