,size,speed,energy
0,269.91754629861157,62.69393548772386,8.272344485042247
1,288.64651863366686,134.83913709246352,34.79859460278325
2,273.64651863366686,119.83913709246352,9.383253284491062
3,288.64651863366686,134.83913709246352,57.95841852600036
4,254.91754629861157,77.69393548772386,60.00665259083946
5,273.64651863366686,149.83913709246352,58.61233368722948
6,239.91754629861157,62.69393548772386,45.810587633067016
