,size,speed,energy
0,269.91754629861157,62.69393548772386,54.24662030210227
1,288.64651863366686,134.83913709246352,52.478653832374086
2,273.64651863366686,119.83913709246352,59.08375969134021
