,size,speed,energy
0,114.57034219483555,107.57875339135475,75.43460224291364
1,82.73808661865948,90.68557896756755,59.908210190912214
2,129.57034219483555,92.57875339135475,69.22711551333306
3,67.73808661865948,105.68557896756755,53.67859315020513
4,67.73808661865948,75.68557896756755,53.87235571074519
5,129.57034219483555,92.57875339135475,19.15290028417129
6,82.73808661865948,90.68557896756755,27.413332699587702
