,size,speed,energy
0,114.57034219483555,107.57875339135475,28.222064741598274
1,82.73808661865948,90.68557896756755,32.250110593723214
2,397.2824889879248,273.3627824464969,17.865953912417222
