,size,speed,energy
0,114.57034219483555,107.57875339135475,41.21213102183352
1,82.73808661865948,90.68557896756755,61.19028743797421
