,size,speed,energy
0,114.57034219483555,107.57875339135475,50
1,133.86933035986996,346.22272471823146,50
2,82.73808661865948,90.68557896756755,50
3,68.52705558236943,481.1581825649511,50
4,397.2824889879248,273.3627824464969,50
