,size,speed,energy
0,114.57034219483555,107.57875339135475,43.76946462926056
1,82.73808661865948,90.68557896756755,39.04893015514891
2,67.73808661865948,75.68557896756755,0.6928074599017026
3,129.57034219483555,92.57875339135475,43.0464437724864
4,67.73808661865948,105.68557896756755,12.651605349222166
5,67.73808661865948,75.68557896756755,40.29494580629219
