,size,speed,energy
0,114.57034219483555,107.57875339135475,39.11103237079914
1,133.86933035986996,346.22272471823146,19.35935367239609
2,82.73808661865948,90.68557896756755,41.080457584785535
3,397.2824889879248,273.3627824464969,32.2644303325843
4,382.2824889879248,258.3627824464969,8.880170443273869
