,size,speed,energy
0,114.57034219483555,107.57875339135475,57.541415779652155
1,82.73808661865948,90.68557896756755,30.12938773993437
2,129.57034219483555,92.57875339135475,61.828229624554794
3,67.73808661865948,105.68557896756755,26.6495793348486
4,67.73808661865948,75.68557896756755,68.71144054117445
