,size,speed,energy
0,114.57034219483555,107.57875339135475,69.01999291337192
1,82.73808661865948,90.68557896756755,47.274218957190655
2,129.57034219483555,92.57875339135475,79.17858314253336
3,67.73808661865948,105.68557896756755,80.94130241950035
4,67.73808661865948,75.68557896756755,61.2918981259596
5,129.57034219483555,92.57875339135475,29.10436791337194
