,size,speed,energy
0,114.57034219483555,107.57875339135475,47.97301647453475
1,82.73808661865948,90.68557896756755,68.43828675883977
