,size,speed,energy
0,114.57034219483555,107.57875339135475,55.96981892785936
1,82.73808661865948,90.68557896756755,52.27074502275975
