,size,speed,energy
0,114.57034219483555,107.57875339135475,74.7640165839429
1,82.73808661865948,90.68557896756755,50.98866777569775
2,129.57034219483555,92.57875339135475,47.750301401526265
3,67.73808661865948,105.68557896756755,56.47060143933397
4,67.73808661865948,75.68557896756755,46.45281329553078
5,129.57034219483555,92.57875339135475,9.20143265497052
6,82.73808661865948,90.68557896756755,18.49379028437288
7,114.57034219483555,107.57875339135475,32.11385085394238
