,size,speed,energy
0,114.57034219483555,107.57875339135475,46.988326152715445
1,82.73808661865948,90.68557896756755,23.3305681785084
2,397.2824889879248,273.3627824464969,16.03193775124989
