,size,speed,energy
0,114.57034219483555,107.57875339135475,52.20013370866393
1,82.73808661865948,90.68557896756755,69.60701180912591
2,67.73808661865948,75.68557896756755,15.53189229033121
3,129.57034219483555,92.57875339135475,46.25071827088964
4,129.57034219483555,122.57875339135475,21.2038329832676
