,size,speed,energy
0,114.57034219483555,107.57875339135475,54.658432258461424
1,82.73808661865948,90.68557896756755,47.968472570363375
2,67.73808661865948,75.68557896756755,8.112349875116447
3,129.57034219483555,92.57875339135475,36.29925064168864
4,129.57034219483555,122.57875339135475,8.814865354066932
5,67.73808661865948,105.68557896756755,22.410077340284698
6,67.73808661865948,75.68557896756755,47.7144882215066
