,size,speed,energy
0,114.57034219483555,107.57875339135475,45.080851298658494
1,82.73808661865948,90.68557896756755,61.07574601100696
