,size,speed,energy
0,114.57034219483555,107.57875339135475,52.101098651034384
1,82.73808661865948,90.68557896756755,56.94533111117082
