,size,speed,energy
0,114.57034219483555,107.57875339135475,36.09935852351458
1,82.73808661865948,90.68557896756755,42.11578899528194
2,397.2824889879248,273.3627824464969,1.4509475882249272
