,size,speed,energy
0,114.57034219483555,107.57875339135475,68.25776517932786
1,82.73808661865948,90.68557896756755,53.51263230862578
2,67.73808661865948,75.68557896756755,22.951434705545974
3,129.57034219483555,92.57875339135475,28.407765179327896
