,size,speed,energy
0,211.66315852418296,105.75893127154247,47.6732482339666
1,458.1286360977404,76.48754653621972,22.59192709968754
2,226.66315852418296,90.75893127154247,50.142639164689506
3,211.66315852418296,105.75893127154247,28.241376365660223
