,size,speed,energy
0,211.66315852418296,105.75893127154247,59.84073173647137
1,458.1286360977404,76.48754653621972,45.30467069684201
