,size,speed,energy
0,458.1286360977404,76.48754653621972,48.6580543698861
1,226.66315852418296,90.75893127154247,56.00099200927536
2,211.66315852418296,105.75893127154247,33.046921472626224
3,196.66315852418296,120.75893127154247,56.12272191592842
4,443.1286360977404,91.48754653621972,64.56438557725971
5,458.1286360977404,106.48754653621972,56.24315131693016
6,211.66315852418296,105.75893127154247,28.869456235067286
