,size,speed,energy
0,211.66315852418296,105.75893127154247,9.988456069543247
1,458.1286360977404,76.48754653621972,44.92820795624341
2,226.66315852418296,90.75893127154247,49.28225088872775
3,211.66315852418296,105.75893127154247,58.170116248908045
4,196.66315852418296,120.75893127154247,44.97854259732047
