,size,speed,energy
0,211.66315852418296,105.75893127154247,22.550053457684513
1,458.1286360977404,76.48754653621972,48.48543371265189
2,226.66315852418296,90.75893127154247,44.31136326901955
3,211.66315852418296,105.75893127154247,77.7546340898123
