,size,speed,energy
0,211.66315852418296,105.75893127154247,28.411467090368962
1,458.1286360977404,76.48754653621972,32.2193756657231
2,473.1286360977404,91.48754653621972,2.214613617211576
