,size,speed,energy
0,211.66315852418296,105.75893127154247,60.845568625563956
1,458.1286360977404,76.48754653621972,17.41485058282274
