,size,speed,energy
0,211.66315852418296,105.75893127154247,66.93572832368446
1,458.1286360977404,76.48754653621972,49.93914796696303
