,size,speed,energy
0,211.66315852418296,105.75893127154247,49.82194761320683
1,458.1286360977404,76.48754653621972,46.58008859898159
2,338.42699033350624,190.3442091846918,6.378053869981258
