,size,speed,energy
0,211.66315852418296,105.75893127154247,54.74192533949295
1,458.1286360977404,76.48754653621972,44.53621685741106
2,473.1286360977404,91.48754653621972,25.829866083474297
