,size,speed,energy
0,211.66315852418296,105.75893127154247,40.973064478509976
1,458.1286360977404,76.48754653621972,14.92716669161004
2,473.1286360977404,91.48754653621972,18.51913870011202
