,size,speed,energy
0,211.66315852418296,105.75893127154247,54.76655147825855
1,458.1286360977404,76.48754653621972,59.34074194031177
2,473.1286360977404,91.48754653621972,18.260741940311704
