,size,speed,energy
0,211.66315852418296,105.75893127154247,37.26035022506592
1,458.1286360977404,76.48754653621972,31.775563516080886
