,size,speed,energy
0,211.66315852418296,105.75893127154247,67.32814886639946
1,458.1286360977404,76.48754653621972,82.6804844619161
