,size,speed,energy
0,211.66315852418296,105.75893127154247,35.11165084582569
1,458.1286360977404,76.48754653621972,49.430600252166656
2,226.66315852418296,90.75893127154247,55.935460657160604
3,211.66315852418296,105.75893127154247,47.30273451412688
