,size,speed,energy
0,211.66315852418296,105.75893127154247,53.534661866650886
1,458.1286360977404,76.48754653621972,29.73169177451041
2,473.1286360977404,91.48754653621972,9.525341000573885
