,size,speed,energy
0,211.66315852418296,105.75893127154247,70.74443153862308
1,458.1286360977404,76.48754653621972,25.700453901095738
