,size,speed,energy
0,443.1286360977404,151.48754653621972,28.87082289617351
1,458.1286360977404,106.48754653621972,13.916612419863883
2,500.0,121.48754653621972,51.974733499833974
3,428.1286360977404,106.48754653621972,44.80461107888717
4,413.1286360977404,61.487546536219725,23.125846659768108
5,485.0,136.48754653621972,23.115583946345534
6,443.1286360977404,121.48754653621972,50.79444237628369
7,485.0,106.48754653621972,23.2565720006942
