,size,speed,energy
0,479.2626202549945,318.15643195529606,15.163615773851005
1,360.5807442168807,491.8916265889219,3.272916385583529
2,211.66315852418296,105.75893127154247,37.43840261185909
3,458.1286360977404,76.48754653621972,35.19547491709929
4,338.42699033350624,190.3442091846918,28.18902693499077
