,size,speed,energy
0,458.1286360977404,106.48754653621972,30.93924038241927
1,473.1286360977404,151.48754653621972,73.98926188222094
2,500.0,121.48754653621972,58.640650800655834
3,470.0,181.48754653621972,35.526449430909594
4,470.0,106.48754653621972,53.05411921100995
5,500.0,121.48754653621972,29.82526661936261
6,488.1286360977404,166.48754653621972,26.520010386197647
7,500.0,106.48754653621972,3.680414792140845
