,size,speed,energy
0,211.66315852418296,105.75893127154247,69.59881845626992
1,458.1286360977404,76.48754653621972,37.39645218258802
