,size,speed,energy
0,458.1286360977404,76.48754653621972,48.484317011642965
1,226.66315852418296,90.75893127154247,47.23122893540151
2,211.66315852418296,105.75893127154247,20.0607113073602
3,196.66315852418296,120.75893127154247,58.55567211149738
4,443.1286360977404,91.48754653621972,68.8432965855224
5,458.1286360977404,106.48754653621972,53.37526007465448
6,211.66315852418296,105.75893127154247,67.95236332312003
7,458.1286360977404,106.48754653621972,33.47649815312196
8,473.1286360977404,121.48754653621972,16.505741940311765
