,size,speed,energy
0,211.66315852418296,105.75893127154247,47.97427638531531
1,458.1286360977404,76.48754653621972,41.772831575201984
