,size,speed,energy
0,458.1286360977404,106.48754653621972,13.697215299518671
1,473.1286360977404,151.48754653621972,47.664918033178935
2,500.0,121.48754653621972,39.394787644588234
3,470.0,181.48754653621972,31.06562721075268
4,470.0,106.48754653621972,35.58950605494215
5,500.0,121.48754653621972,52.498860497312656
6,488.1286360977404,166.48754653621972,63.4653598293037
7,458.1286360977404,166.48754653621972,16.066274197772714
