,size,speed,energy
0,458.1286360977404,76.48754653621972,63.288842094543675
1,226.66315852418296,90.75893127154247,44.376894621134305
2,211.66315852418296,105.75893127154247,20.485324084484986
3,196.66315852418296,120.75893127154247,42.623624527786944
4,443.1286360977404,91.48754653621972,72.43696965114803
5,458.1286360977404,106.48754653621972,58.490245315365186
6,211.66315852418296,105.75893127154247,35.53190372269273
7,458.1286360977404,106.48754653621972,25.34465322761683
