,size,speed,energy
0,458.1286360977404,76.48754653621972,63.46257945278681
1,226.66315852418296,90.75893127154247,37.6581535005867
2,211.66315852418296,105.75893127154247,45.608518860767134
3,196.66315852418296,120.75893127154247,57.57339096602901
4,443.1286360977404,91.48754653621972,76.9540286600506
