,size,speed,energy
0,153.8317890890758,260.7035597031486,72.40872497092234
1,485.0,54.91012326232811,56.93016659783296
2,153.8317890890758,290.7035597031486,70.49295828379266
3,138.8317890890758,305.7035597031486,41.39646130499342
4,138.8317890890758,245.70355970314858,63.73962268721817
5,213.8317890890758,260.7035597031486,38.57129546371058
6,138.8317890890758,275.7035597031486,47.81741918530467
7,228.8317890890758,275.7035597031486,8.420827736216065
