,size,speed,energy
0,460.8428543753844,39.91012326232811,19.33096924524132
1,138.8317890890758,275.7035597031486,26.34129612439224
2,62.46086617355985,39.310418089729176,32.5395491578206
3,47.379267284872114,201.7419863097035,45.11633717649195
