,size,speed,energy
0,153.8317890890758,260.7035597031486,63.21426738564861
1,485.0,54.91012326232811,66.00875568065996
2,153.8317890890758,290.7035597031486,49.704070810013384
3,138.8317890890758,305.7035597031486,33.76957027431916
4,138.8317890890758,245.70355970314858,53.15530768667566
5,213.8317890890758,260.7035597031486,25.385197390314737
6,138.8317890890758,275.7035597031486,38.44182070277934
