,size,speed,energy
0,153.8317890890758,260.7035597031486,66.06498937177793
1,485.0,54.91012326232811,70.48536411289736
2,153.8317890890758,290.7035597031486,38.78894652661689
3,138.8317890890758,305.7035597031486,29.856978283916845
4,138.8317890890758,245.70355970314858,58.717966405825166
5,213.8317890890758,260.7035597031486,63.76280573501122
6,138.8317890890758,275.7035597031486,33.32886250717952
7,228.8317890890758,275.7035597031486,35.11233800751708
