,size,speed,energy
0,153.8317890890758,260.7035597031486,37.40193813581723
1,485.0,54.91012326232811,55.741489544651806
2,153.8317890890758,290.7035597031486,55.8159231059015
3,138.8317890890758,305.7035597031486,20.96039523035783
4,138.8317890890758,245.70355970314858,51.16830475166597
5,168.8317890890758,245.70355970314858,29.803221457876006
6,213.8317890890758,260.7035597031486,45.45995992723269
