,size,speed,energy
0,460.8428543753844,39.91012326232811,24.322779062712105
1,138.8317890890758,275.7035597031486,27.21282389666402
2,62.46086617355985,39.310418089729176,46.65001142720385
3,47.379267284872114,201.7419863097035,45.380612466102825
4,153.8317890890758,290.7035597031486,26.407054147791236
