,size,speed,energy
0,460.8428543753844,39.91012326232811,55.066594920879425
1,138.8317890890758,275.7035597031486,26.01449158088541
2,62.46086617355985,39.310418089729176,67.13523211827922
3,47.379267284872114,201.7419863097035,27.03071560041366
4,153.8317890890758,290.7035597031486,53.11483467321387
5,32.379267284872114,216.7419863097035,40.12604790902424
