,size,speed,energy
0,460.8428543753844,39.91012326232811,68.62206548744507
1,138.8317890890758,275.7035597031486,39.55769094521848
2,62.46086617355985,39.310418089729176,54.9649471575277
3,47.379267284872114,201.7419863097035,49.597312155168986
4,153.8317890890758,290.7035597031486,61.919708058656596
5,77.46086617355985,54.310418089729176,39.37835373993471
6,62.379267284872114,186.7419863097035,26.077824564178826
