,size,speed,energy
0,460.8428543753844,39.91012326232811,43.18309388627691
1,138.8317890890758,275.7035597031486,13.191274409697563
2,62.46086617355985,39.310418089729176,59.33005986807255
3,47.379267284872114,201.7419863097035,9.750817951158911
4,153.8317890890758,290.7035597031486,41.187183471384905
5,32.379267284872114,216.7419863097035,36.98056318496615
6,77.46086617355985,54.310418089729176,24.193538416560543
