,size,speed,energy
0,460.8428543753844,39.91012326232811,54.34853079708795
1,138.8317890890758,275.7035597031486,43.65956972069221
2,62.46086617355985,39.310418089729176,77.31688872614167
3,153.8317890890758,290.7035597031486,77.4323555707761
4,77.46086617355985,54.310418089729176,33.5132410293898
5,62.379267284872114,186.7419863097035,58.75689010346682
6,77.37926728487211,171.7419863097035,20.140865504477006
7,445.8428543753844,24.910123262328113,25.01591950339082
