,size,speed,energy
0,460.8428543753844,39.91012326232811,38.11649896539748
1,138.8317890890758,275.7035597031486,24.995989728699083
2,62.46086617355985,39.310418089729176,45.63488728945515
3,47.379267284872114,201.7419863097035,32.720102350744895
4,222.09600717640993,480.4224946982292,6.801372171211248
