,size,speed,energy
0,460.8428543753844,39.91012326232811,7.44746821063868
1,138.8317890890758,275.7035597031486,71.82943896516198
2,62.46086617355985,39.310418089729176,28.174436447275752
3,47.379267284872114,201.7419863097035,45.18507891701385
