,size,speed,energy
0,460.8428543753844,39.91012326232811,14.349496896192424
1,138.8317890890758,275.7035597031486,30.811436130748678
2,62.46086617355985,39.310418089729176,36.90466186836545
3,47.379267284872114,201.7419863097035,46.785921359287784
