,size,speed,energy
0,460.8428543753844,39.91012326232811,23.9629714826141
1,138.8317890890758,275.7035597031486,52.216834167964905
2,62.46086617355985,39.310418089729176,23.809323736730903
3,47.379267284872114,201.7419863097035,40.41263166838047
4,153.8317890890758,290.7035597031486,52.91106441909211
