,size,speed,energy
0,153.8317890890758,290.7035597031486,68.41044327892297
1,500.0,84.91012326232811,11.357208988409933
2,153.8317890890758,290.7035597031486,53.50950704806409
3,123.83178908907581,260.7035597031486,43.17335534327357
4,500.0,69.91012326232811,74.18345019602698
5,198.8317890890758,275.7035597031486,46.915299356834566
6,138.8317890890758,275.7035597031486,15.494153873138481
7,183.8317890890758,290.7035597031486,46.85900325443687
