,size,speed,energy
0,168.8317890890758,245.70355970314858,25.645679813380752
1,123.83178908907581,290.7035597031486,24.568165885361278
2,243.8317890890758,260.7035597031486,46.217209457633885
3,168.8317890890758,275.7035597031486,56.23698228146976
4,153.8317890890758,290.7035597031486,69.8625144124037
5,138.8317890890758,275.7035597031486,16.67003109769204
6,183.8317890890758,230.70355970314858,78.25834749643748
7,153.8317890890758,260.7035597031486,26.959642553529413
8,168.8317890890758,215.70355970314858,22.137226096905685
