,size,speed,energy
0,460.8428543753844,39.91012326232811,11.72574779961148
1,138.8317890890758,275.7035597031486,26.16958308133217
2,62.46086617355985,39.310418089729176,53.044236111315755
3,47.379267284872114,201.7419863097035,71.37404744146156
4,153.8317890890758,290.7035597031486,18.529594960397503
5,32.379267284872114,186.7419863097035,22.74124708134284
