,size,speed,energy
0,500.0,54.91012326232811,7.13029160523763
1,153.8317890890758,290.7035597031486,59.563803705150065
2,500.0,84.91012326232811,27.631156503474013
3,153.8317890890758,290.7035597031486,29.117432562482065
4,183.8317890890758,290.7035597031486,16.439666383793508
5,123.83178908907581,260.7035597031486,51.20145783236683
6,500.0,69.91012326232811,66.18572238661652
7,198.8317890890758,275.7035597031486,64.09707619772738
8,138.8317890890758,275.7035597031486,40.49816414443953
