,size,speed,energy
0,460.8428543753844,39.91012326232811,12.439278028109534
1,138.8317890890758,275.7035597031486,51.17359335263307
2,62.46086617355985,39.310418089729176,57.409348821860604
3,47.379267284872114,201.7419863097035,78.04246148677497
4,153.8317890890758,290.7035597031486,21.824684541302496
