,size,speed,energy
0,153.8317890890758,290.7035597031486,41.906433007621985
1,153.8317890890758,290.7035597031486,52.80184255152988
2,123.83178908907581,260.7035597031486,61.756583723942796
3,500.0,69.91012326232811,59.12825268096238
4,198.8317890890758,275.7035597031486,62.77752746382183
5,138.8317890890758,275.7035597031486,18.67072698316909
6,183.8317890890758,290.7035597031486,65.88944784171831
7,198.8317890890758,275.7035597031486,34.66036674251176
8,168.8317890890758,275.7035597031486,26.420688562017858
