,size,speed,energy
0,153.8317890890758,290.7035597031486,50.403501541884985
1,168.8317890890758,275.7035597031486,40.53822397912263
2,198.8317890890758,275.7035597031486,24.220380230769436
3,153.8317890890758,260.7035597031486,66.77043750832149
4,485.0,54.91012326232811,34.3319759946837
5,183.8317890890758,290.7035597031486,70.01091007565209
6,138.8317890890758,305.7035597031486,18.503867004629768
7,153.8317890890758,290.7035597031486,39.58491789262099
8,138.8317890890758,305.7035597031486,20.12105630233161
