,size,speed,energy
0,153.8317890890758,260.7035597031486,75.48555812519393
1,485.0,54.91012326232811,52.453558165595794
2,153.8317890890758,290.7035597031486,38.67667478922601
3,138.8317890890758,305.7035597031486,67.30962711773438
4,138.8317890890758,245.70355970314858,76.57549069917873
5,213.8317890890758,260.7035597031486,54.6122441305108
