,size,speed,energy
0,460.8428543753844,39.91012326232811,50
1,138.8317890890758,275.7035597031486,50
2,62.46086617355985,39.310418089729176,50
3,47.379267284872114,201.7419863097035,50
4,222.09600717640993,480.4224946982292,50
