,size,speed,energy
0,460.8428543753844,39.91012326232811,18.20373596682141
1,138.8317890890758,275.7035597031486,18.687383762531994
2,62.46086617355985,39.310418089729176,71.50034482882407
3,47.379267284872114,201.7419863097035,44.31061324966866
4,153.8317890890758,290.7035597031486,40.27885891782812
5,32.379267284872114,216.7419863097035,26.442821279610776
