,size,speed,energy
0,460.8428543753844,39.91012326232811,26.232997930794966
1,138.8317890890758,275.7035597031486,18.744578766102002
2,62.46086617355985,39.310418089729176,41.2697745789103
3,47.379267284872114,201.7419863097035,64.06581900854289
