,size,speed,energy
0,153.8317890890758,260.7035597031486,46.68317846454033
1,485.0,54.91012326232811,79.56395319572474
2,153.8317890890758,290.7035597031486,60.017794168142174
3,138.8317890890758,305.7035597031486,61.211080545619886
4,138.8317890890758,245.70355970314858,65.49699384677865
5,213.8317890890758,260.7035597031486,23.918775622477416
6,138.8317890890758,275.7035597031486,22.813408914003727
7,168.8317890890758,275.7035597031486,16.961079761636483
