,size,speed,energy
0,451.384411354564,165.42826131250587,61.747171925790084
1,436.384411354564,240.42826131250587,42.7645140230006
2,421.384411354564,225.42826131250587,39.00561519491001
