,size,speed,energy
0,339.5313469170997,281.4509928479043,25.673309381881687
1,446.741594802783,112.17041010309393,25.081132806283243
2,436.384411354564,120.42826131250587,18.416935477910947
