,size,speed,energy
0,324.5313469170997,296.4509928479043,78.16506194434369
1,436.384411354564,150.42826131250587,55.83559927270332
2,451.384411354564,165.42826131250587,8.931403125877234
3,384.5313469170997,296.4509928479043,79.28265738298795
4,466.384411354564,150.42826131250587,37.08965037516806
5,324.5313469170997,296.4509928479043,39.928507116134526
6,339.5313469170997,281.4509928479043,72.54139985564848
7,451.384411354564,165.42826131250587,42.10420351837158
