,size,speed,energy
0,339.5313469170997,281.4509928479043,55.29017303404645
1,436.384411354564,120.42826131250587,69.6833974169969
2,451.384411354564,135.42826131250587,51.27645791261327
3,324.5313469170997,266.4509928479043,16.470766986084627
