,size,speed,energy
0,451.384411354564,165.42826131250587,17.84025951069591
1,481.384411354564,165.42826131250587,35.349828907502165
2,406.384411354564,210.42826131250587,20.20254510762824
3,436.384411354564,240.42826131250587,59.18429393194026
4,429.5313469170997,371.4509928479043,26.722521021861603
5,466.384411354564,180.42826131250587,13.41377489844433
6,421.384411354564,225.42826131250587,26.979292577259024
7,466.384411354564,150.42826131250587,32.115938895932324
