,size,speed,energy
0,339.5313469170997,281.4509928479043,52.31623635547653
1,436.384411354564,120.42826131250587,26.137497048427775
