,size,speed,energy
0,324.5313469170997,296.4509928479043,50.24228455345486
1,436.384411354564,150.42826131250587,32.63435830001018
2,451.384411354564,165.42826131250587,53.04565057323158
3,384.5313469170997,296.4509928479043,66.81501583722321
4,466.384411354564,150.42826131250587,58.4012725253321
5,309.5313469170997,311.4509928479043,45.61926818214182
