,size,speed,energy
0,324.5313469170997,296.4509928479043,44.60701389133389
1,436.384411354564,150.42826131250587,52.13889542187666
2,399.5313469170997,281.4509928479043,75.30402013747366
3,451.384411354564,165.42826131250587,56.42746953792107
4,369.5313469170997,311.4509928479043,27.119239795583013
