,size,speed,energy
0,451.384411354564,165.42826131250587,51.537200677331384
1,436.384411354564,240.42826131250587,34.11308204011475
2,421.384411354564,225.42826131250587,58.366817623580374
3,466.384411354564,150.42826131250587,4.839595266552976
4,406.384411354564,240.42826131250587,47.80249259527996
