,size,speed,energy
0,391.384411354564,285.42826131250587,43.388595975314125
1,376.384411354564,270.42826131250587,54.24161608629315
2,376.384411354564,300.42826131250587,77.82694568806811
3,361.384411354564,255.42826131250587,20.089378579965867
