,size,speed,energy
0,436.384411354564,240.42826131250587,36.33682893766914
1,391.384411354564,255.42826131250587,28.57569051033198
2,376.384411354564,240.42826131250587,5.406940842070384
3,406.384411354564,270.42826131250587,58.40474401583704
