,size,speed,energy
0,339.5313469170997,281.4509928479043,55.08923529938617
1,436.384411354564,120.42826131250587,57.800320379592755
2,451.384411354564,135.42826131250587,51.2390148789076
3,324.5313469170997,266.4509928479043,6.802287469594887
4,421.384411354564,135.42826131250587,19.413477791058
