,size,speed,energy
0,324.5313469170997,296.4509928479043,71.78013858269931
1,436.384411354564,150.42826131250587,35.332943517119226
2,451.384411354564,165.42826131250587,20.350620558529485
3,384.5313469170997,296.4509928479043,50.93847817364022
4,466.384411354564,150.42826131250587,27.328013583686193
5,324.5313469170997,296.4509928479043,18.633680877665107
6,451.384411354564,135.42826131250587,32.81802246593005
7,369.5313469170997,311.4509928479043,25.44790453180675
