,size,speed,energy
0,339.5313469170997,281.4509928479043,48.831813209716245
1,436.384411354564,120.42826131250587,17.239603683368202
