,size,speed,energy
0,376.384411354564,300.42826131250587,44.184915873854294
1,361.384411354564,255.42826131250587,35.6240813093331
2,391.384411354564,285.42826131250587,28.479874635426803
3,361.384411354564,315.42826131250587,56.43719272252574
4,376.384411354564,300.42826131250587,49.40878481303318
5,361.384411354564,315.42826131250587,67.28939239256309
