,size,speed,energy
0,451.384411354564,165.42826131250587,24.795453113742226
1,481.384411354564,165.42826131250587,12.882824962962921
2,436.384411354564,240.42826131250587,61.7454351169461
3,429.5313469170997,371.4509928479043,17.360719030312623
4,421.384411354564,225.42826131250587,29.911709018622588
5,466.384411354564,150.42826131250587,11.148934951393137
6,421.384411354564,255.42826131250587,40.4429183854076
