,size,speed,energy
0,339.5313469170997,281.4509928479043,59.88959043866315
1,436.384411354564,120.42826131250587,29.338610249656583
2,354.5313469170997,266.4509928479043,23.212630970618605
