,size,speed,energy
0,339.5313469170997,281.4509928479043,50
1,98.3760634669307,179.27353896832483,50
2,240.72296076452852,110.89809306573397,50
3,446.741594802783,112.17041010309393,50
4,436.384411354564,120.42826131250587,50
