,size,speed,energy
0,436.384411354564,240.42826131250587,29.662920438546127
1,391.384411354564,255.42826131250587,56.66769445487108
2,376.384411354564,240.42826131250587,31.9989447866095
3,406.384411354564,270.42826131250587,33.809598713866485
