,size,speed,energy
0,436.384411354564,240.42826131250587,20.526678428811728
1,391.384411354564,255.42826131250587,52.60347546567402
2,406.384411354564,270.42826131250587,44.101538815243615
3,376.384411354564,240.42826131250587,15.903729268984277
4,391.384411354564,285.42826131250587,77.42021697142135
5,376.384411354564,270.42826131250587,46.736041907770186
6,406.384411354564,240.42826131250587,33.738732329855864
