,size,speed,energy
0,339.5313469170997,281.4509928479043,50.1319472495918
1,436.384411354564,120.42826131250587,18.535176311016023
2,354.5313469170997,266.4509928479043,51.50923689420621
