,size,speed,energy
0,324.5313469170997,296.4509928479043,78.78471476820408
1,436.384411354564,150.42826131250587,50.654767900096246
2,399.5313469170997,281.4509928479043,44.59292579087243
3,451.384411354564,165.42826131250587,60.929795863550865
4,466.384411354564,150.42826131250587,14.903757159931786
5,384.5313469170997,296.4509928479043,44.05505397984336
