,size,speed,energy
0,436.384411354564,240.42826131250587,6.494458431889935
1,421.384411354564,225.42826131250587,15.88720318320046
2,406.384411354564,240.42826131250587,3.6881863969048894
3,391.384411354564,255.42826131250587,50.57326885566373
4,376.384411354564,240.42826131250587,58.59094873114854
5,406.384411354564,270.42826131250587,22.010158934974427
