,size,speed,energy
0,376.384411354564,300.42826131250587,59.74571514380577
1,361.384411354564,255.42826131250587,33.371401313228496
2,391.384411354564,285.42826131250587,59.00937857996582
3,361.384411354564,315.42826131250587,48.74493132818182
4,376.384411354564,300.42826131250587,18.671878579965878
