,size,speed,energy
0,339.5313469170997,281.4509928479043,60.7923874875852
1,98.3760634669307,179.27353896832483,33.58947376881858
2,240.72296076452852,110.89809306573397,36.47597442407431
3,446.741594802783,112.17041010309393,32.5097492765714
4,436.384411354564,120.42826131250587,32.03299605546093
