,size,speed,energy
0,391.384411354564,285.42826131250587,12.85909203077509
1,376.384411354564,270.42826131250587,25.212112141754105
2,376.384411354564,300.42826131250587,64.5692322084936
3,361.384411354564,255.42826131250587,33.28910489672953
4,391.384411354564,285.42826131250587,23.709590704537895
