,size,speed,energy
0,451.384411354564,165.42826131250587,29.63269673279234
1,436.384411354564,240.42826131250587,33.48726448174421
2,421.384411354564,225.42826131250587,55.84990506965845
3,406.384411354564,240.42826131250587,57.99719428598336
4,391.384411354564,255.42826131250587,76.78816925596095
