,size,speed,energy
0,436.384411354564,240.42826131250587,48.24368237335102
1,391.384411354564,255.42826131250587,61.01055873774749
2,406.384411354564,270.42826131250587,47.42713583467388
3,376.384411354564,240.42826131250587,21.490558737747506
4,421.384411354564,255.42826131250587,22.26328393497439
