,size,speed,energy
0,451.384411354564,165.42826131250587,33.25767700978595
1,481.384411354564,165.42826131250587,72.83703522316026
2,406.384411354564,210.42826131250587,56.134813896858134
3,436.384411354564,240.42826131250587,74.97129388806307
4,384.5313469170997,416.4509928479043,32.65785137426322
5,429.5313469170997,371.4509928479043,47.72963681715222
6,414.5313469170997,326.4509928479043,46.94451283490396
