,size,speed,energy
0,324.5313469170997,296.4509928479043,47.739788377660666
1,436.384411354564,150.42826131250587,44.547064566107295
2,451.384411354564,165.42826131250587,42.25512450306853
3,384.5313469170997,296.4509928479043,63.35361583272055
4,466.384411354564,150.42826131250587,37.65441133984509
5,324.5313469170997,296.4509928479043,26.597755244830886
6,451.384411354564,135.42826131250587,52.28502641046918
7,436.384411354564,120.42826131250587,13.650026410469419
