,size,speed,energy
0,339.5313469170997,281.4509928479043,45.97474422034138
1,436.384411354564,120.42826131250587,50.42411274445777
2,451.384411354564,135.42826131250587,48.62488406228359
3,324.5313469170997,266.4509928479043,44.20487290967263
