,size,speed,energy
0,339.5313469170997,281.4509928479043,72.83750533044766
1,436.384411354564,120.42826131250587,63.61234926544224
2,451.384411354564,135.42826131250587,72.35818334516945
3,324.5313469170997,266.4509928479043,15.42572628002822
4,421.384411354564,135.42826131250587,0.5089738465188258
5,354.5313469170997,266.4509928479043,25.189576992990066
