,size,speed,energy
0,324.5313469170997,296.4509928479043,48.67707338360853
1,436.384411354564,150.42826131250587,48.18490367821998
2,451.384411354564,165.42826131250587,42.50667966277935
3,384.5313469170997,296.4509928479043,43.91829367640482
4,466.384411354564,150.42826131250587,37.43426858079291
5,309.5313469170997,311.4509928479043,63.644357736994436
6,369.5313469170997,311.4509928479043,39.28884569677284
