,size,speed,energy
0,339.5313469170997,281.4509928479043,46.24174346756402
1,436.384411354564,120.42826131250587,56.94909798548397
2,451.384411354564,135.42826131250587,40.75616215344882
