,size,speed,energy
0,391.384411354564,255.42826131250587,19.691014061921635
1,391.384411354564,285.42826131250587,32.448710148216875
2,376.384411354564,270.42826131250587,35.98689072475893
3,376.384411354564,300.42826131250587,58.78944014311884
4,391.384411354564,255.42826131250587,11.459277396604193
