,size,speed,energy
0,339.5313469170997,281.4509928479043,54.90741530546967
1,446.741594802783,112.17041010309393,15.194401060377082
2,436.384411354564,120.42826131250587,36.38393942245002
3,324.5313469170997,296.4509928479043,20.948518222923624
