,size,speed,energy
0,451.384411354564,165.42826131250587,7.728192788253228
1,436.384411354564,240.42826131250587,33.93429233698371
2,421.384411354564,225.42826131250587,29.632901125119098
3,406.384411354564,240.42826131250587,30.84269034144412
4,391.384411354564,255.42826131250587,52.26697367571968
5,376.384411354564,240.42826131250587,38.37584212615213
