,size,speed,energy
0,339.5313469170997,281.4509928479043,66.74066751670931
1,436.384411354564,120.42826131250587,35.206607627907275
