,size,speed,energy
0,324.5313469170997,296.4509928479043,42.451934959918766
1,436.384411354564,150.42826131250587,64.95083668731502
2,451.384411354564,165.42826131250587,11.35163833304448
3,384.5313469170997,296.4509928479043,40.16651783086273
4,466.384411354564,150.42826131250587,45.32189268646035
5,324.5313469170997,296.4509928479043,28.132617394169827
6,451.384411354564,135.42826131250587,13.35101852139092
7,309.5313469170997,281.4509928479043,8.209579498073225
8,339.5313469170997,281.4509928479043,60.94410320842032
