,size,speed,energy
0,451.384411354564,165.42826131250587,53.78126540032581
1,436.384411354564,240.42826131250587,32.79644069863414
2,421.384411354564,225.42826131250587,40.80278719620294
3,466.384411354564,150.42826131250587,25.806599211092163
