,size,speed,energy
0,324.5313469170997,296.4509928479043,15.69752421334465
1,436.384411354564,150.42826131250587,53.10240408692806
2,466.384411354564,120.42826131250587,5.964801728567806
3,466.384411354564,120.42826131250587,5.610048069349262
4,399.5313469170997,281.4509928479043,55.691814587504346
5,451.384411354564,165.42826131250587,38.69577643047336
6,369.5313469170997,311.4509928479043,27.554795902458096
