,size,speed,energy
0,451.384411354564,165.42826131250587,39.74476345523495
1,481.384411354564,165.42826131250587,44.18242805442581
2,406.384411354564,210.42826131250587,44.91954905216757
3,436.384411354564,240.42826131250587,61.24587151545458
4,384.5313469170997,416.4509928479043,18.867299111711958
5,429.5313469170997,371.4509928479043,36.850630144689845
6,414.5313469170997,326.4509928479043,16.157424648852114
7,466.384411354564,180.42826131250587,36.58423380353804
8,421.384411354564,225.42826131250587,30.301395276901143
