,size,speed,energy
0,391.384411354564,255.42826131250587,47.783018006460736
1,406.384411354564,270.42826131250587,26.86484003666881
2,391.384411354564,285.42826131250587,62.6729190533105
3,376.384411354564,270.42826131250587,57.634830706510236
4,406.384411354564,240.42826131250587,6.584228385316626
5,376.384411354564,300.42826131250587,38.512919136754235
