,size,speed,energy
0,339.5313469170997,281.4509928479043,47.302755958813734
1,436.384411354564,120.42826131250587,40.224411930658384
2,354.5313469170997,266.4509928479043,31.228750056310208
3,324.5313469170997,296.4509928479043,14.310764919734282
