,size,speed,energy
0,339.5313469170997,281.4509928479043,54.069679888856285
1,436.384411354564,120.42826131250587,45.64534532090317
2,451.384411354564,135.42826131250587,46.63143491579407
3,324.5313469170997,266.4509928479043,55.47776297592996
4,354.5313469170997,266.4509928479043,46.19686504080438
5,324.5313469170997,266.4509928479043,19.72811102794408
6,436.384411354564,150.42826131250587,44.99544230584942
7,324.5313469170997,296.4509928479043,23.965678815282416
8,309.5313469170997,251.45099284790427,27.376589407641205
