,size,speed,energy
0,339.5313469170997,281.4509928479043,27.628116569410867
1,446.741594802783,112.17041010309393,7.590882082854641
2,436.384411354564,120.42826131250587,31.630740206098864
