,size,speed,energy
0,324.5313469170997,296.4509928479043,61.81854385333854
1,436.384411354564,150.42826131250587,53.038862244549165
2,399.5313469170997,281.4509928479043,14.23381986728467
3,451.384411354564,165.42826131250587,49.466861592986746
4,384.5313469170997,296.4509928479043,58.2058116468706
5,451.384411354564,165.42826131250587,16.419207554385792
6,309.5313469170997,311.4509928479043,14.134355978970234
7,466.384411354564,150.42826131250587,78.94893639098
