,size,speed,energy
0,451.384411354564,165.42826131250587,51.6108246881781
1,436.384411354564,240.42826131250587,34.30560121185205
2,421.384411354564,225.42826131250587,32.433446086471314
3,421.384411354564,255.42826131250587,12.07495948031372
