,size,speed,energy
0,324.5313469170997,296.4509928479043,58.90065751316303
1,436.384411354564,150.42826131250587,55.57684612442844
2,451.384411354564,165.42826131250587,57.33505031660373
3,384.5313469170997,296.4509928479043,50.69721754733315
4,466.384411354564,150.42826131250587,46.06911085451555
5,309.5313469170997,311.4509928479043,72.35263586063331
6,369.5313469170997,311.4509928479043,24.527050002522806
