,size,speed,energy
0,339.5313469170997,281.4509928479043,31.665337390418706
1,436.384411354564,120.42826131250587,49.435006770142664
2,354.5313469170997,266.4509928479043,2.9321441327223603
3,324.5313469170997,296.4509928479043,4.217109874592144
