,size,speed,energy
0,494.0244304302393,344.09112742444097,56.018729655780675
1,479.0244304302393,359.09112742444097,50.76297040798077
2,494.0244304302393,344.09112742444097,5.6021617005803845
3,500.0,359.09112742444097,30.32329318074764
4,500.0,359.09112742444097,16.96545980584088
5,500.0,329.09112742444097,42.22672891636781
6,479.0244304302393,329.09112742444097,4.638542856600058
7,479.0244304302393,359.09112742444097,36.940409480079424
