,size,speed,energy
0,479.0244304302393,359.09112742444097,61.457833729553286
1,500.0,359.09112742444097,65.8841323391507
2,485.0,374.09112742444097,58.89263629790048
3,470.0,389.09112742444097,70.6528390714326
4,494.0244304302393,374.09112742444097,62.16510084339325
5,455.0,374.09112742444097,48.5484047702406
6,500.0,389.09112742444097,24.11660276908436
7,485.0,374.09112742444097,87.53068386020918
8,500.0,389.09112742444097,25.491248048644074
