,size,speed,energy
0,494.0244304302393,374.09112742444097,37.72124212934125
1,494.0244304302393,374.09112742444097,60.99945412582936
2,485.0,374.09112742444097,5.096580663507755
3,500.0,359.09112742444097,29.329018974314863
4,485.0,344.09112742444097,25.07744847192985
5,500.0,389.09112742444097,17.376714728770082
