,size,speed,energy
0,161.1806383110058,473.7430712821718,8.486238489992104
1,224.15094969108085,218.59928981701242,28.035977395659796
2,298.0621368133558,92.09239071095082,36.92882818948462
3,375.45664406750933,123.4926946069707,32.92640648691787
4,479.0244304302393,329.09112742444097,14.279637826197158
