,size,speed,energy
0,494.0244304302393,344.09112742444097,57.95256306758635
1,479.0244304302393,359.09112742444097,76.88148477381908
2,500.0,359.09112742444097,36.20539687837824
3,500.0,359.09112742444097,28.95577730562379
4,500.0,329.09112742444097,25.69848578421619
5,479.0244304302393,359.09112742444097,39.27352897340384
6,479.0244304302393,359.09112742444097,37.194888224357726
