,size,speed,energy
0,500.0,359.09112742444097,36.60548246885823
1,494.0244304302393,344.09112742444097,26.29591095526436
2,479.0244304302393,359.09112742444097,49.54569827901686
3,494.0244304302393,374.09112742444097,2.6360751000760025
