,size,speed,energy
0,479.0244304302393,359.09112742444097,63.30747075696708
1,464.0244304302393,344.09112742444097,51.151775794414476
2,494.0244304302393,374.09112742444097,57.89732559895572
3,479.0244304302393,359.09112742444097,50.45976428832759
4,494.0244304302393,344.09112742444097,51.9470542962454
5,449.0244304302393,359.09112742444097,14.209947887002846
6,479.0244304302393,329.09112742444097,20.355502213073283
7,479.0244304302393,359.09112742444097,26.184213782619707
