,size,speed,energy
0,479.0244304302393,359.09112742444097,39.648741905818504
1,464.0244304302393,344.09112742444097,60.17829044784345
2,494.0244304302393,374.09112742444097,57.611178738459344
3,479.0244304302393,359.09112742444097,69.48904387296928
4,494.0244304302393,344.09112742444097,46.247072721588104
5,464.0244304302393,344.09112742444097,3.239760613123916
6,479.0244304302393,389.09112742444097,2.3951537218140686
7,464.0244304302393,374.09112742444097,7.324689939194386
