,size,speed,energy
0,494.0244304302393,344.09112742444097,36.00520457423715
