,size,speed,energy
0,494.0244304302393,374.09112742444097,52.483305007451534
1,494.0244304302393,374.09112742444097,50.94315321568372
2,500.0,389.09112742444097,77.66434744574767
3,500.0,359.09112742444097,17.278119145932195
4,500.0,389.09112742444097,18.933063392126364
