,size,speed,energy
0,479.0244304302393,359.09112742444097,32.854857874311534
1,464.0244304302393,344.09112742444097,49.793956399619674
2,494.0244304302393,374.09112742444097,46.23627127594584
3,500.0,389.09112742444097,63.00964566267137
4,479.0244304302393,359.09112742444097,23.513163430453503
