,size,speed,energy
0,500.0,359.09112742444097,4.304488105654789
1,494.0244304302393,344.09112742444097,53.710242663094654
2,479.0244304302393,359.09112742444097,39.43169894365448
3,500.0,359.09112742444097,67.37164208077496
4,485.0,374.09112742444097,69.08833490365282
5,494.0244304302393,344.09112742444097,4.551320984997719
