,size,speed,energy
0,494.0244304302393,344.09112742444097,46.80024608923607
1,479.0244304302393,359.09112742444097,26.309766332016487
2,500.0,359.09112742444097,47.43653822427605
3,485.0,374.09112742444097,71.19571019770183
4,479.0244304302393,329.09112742444097,19.64109496959723
