,size,speed,energy
0,479.0244304302393,359.09112742444097,60.22770885873045
1,464.0244304302393,344.09112742444097,48.36020372816881
2,494.0244304302393,374.09112742444097,53.88664109983699
3,479.0244304302393,359.09112742444097,47.460446333448914
4,494.0244304302393,344.09112742444097,27.91004485440722
5,449.0244304302393,359.09112742444097,57.5511122461518
6,479.0244304302393,359.09112742444097,23.131584808715473
