,size,speed,energy
0,479.0244304302393,359.09112742444097,17.73866564494415
1,464.0244304302393,344.09112742444097,43.33297789129125
2,494.0244304302393,344.09112742444097,30.083269524983855
3,494.0244304302393,374.09112742444097,50.84478362340367
4,500.0,389.09112742444097,54.781552478422824
5,500.0,359.09112742444097,19.205676851093983
6,485.0,404.09112742444097,47.67896330117645
