,size,speed,energy
0,298.0621368133558,92.09239071095082,6.085025650883839
1,479.0244304302393,329.09112742444097,26.321012748126705
2,494.0244304302393,344.09112742444097,14.344264347392313
