,size,speed,energy
0,479.0244304302393,359.09112742444097,36.60841813530069
1,500.0,359.09112742444097,61.677128901714006
2,500.0,389.09112742444097,35.75733188903723
3,494.0244304302393,344.09112742444097,43.508112675950215
4,464.0244304302393,374.09112742444097,48.009507546777684
5,479.0244304302393,359.09112742444097,43.36828443693148
6,500.0,374.09112742444097,38.8967959282479
7,485.0,359.09112742444097,46.03131018943217
