,size,speed,energy
0,479.0244304302393,359.09112742444097,55.896527818747074
1,464.0244304302393,344.09112742444097,66.38993475769286
2,494.0244304302393,374.09112742444097,2.4376664900213196
3,494.0244304302393,344.09112742444097,28.781854591402134
4,479.0244304302393,329.09112742444097,14.874551795924642
5,494.0244304302393,374.09112742444097,65.06325320660386
6,479.0244304302393,359.09112742444097,2.9481748615867076
