,size,speed,energy
0,494.0244304302393,344.09112742444097,22.751572566938176
1,479.0244304302393,359.09112742444097,57.54840700873106
2,500.0,359.09112742444097,55.52726876955806
3,485.0,374.09112742444097,45.122147914961445
4,485.0,374.09112742444097,28.952748193137353
5,470.0,389.09112742444097,41.270451980257434
6,464.0244304302393,344.09112742444097,14.603697887002795
7,494.0244304302393,374.09112742444097,29.60342137826197
