,size,speed,energy
0,500.0,359.09112742444097,75.74760047368646
1,494.0244304302393,344.09112742444097,24.893168010696463
2,479.0244304302393,359.09112742444097,25.226028335904147
3,500.0,374.09112742444097,36.74161499024051
