,size,speed,energy
0,494.0244304302393,374.09112742444097,16.03186130295486
1,494.0244304302393,374.09112742444097,59.60440262036259
2,500.0,389.09112742444097,24.67920843172115
