,size,speed,energy
0,494.0244304302393,344.09112742444097,28.126489407379427
