,size,speed,energy
0,494.0244304302393,374.09112742444097,43.395011757007524
1,494.0244304302393,374.09112742444097,50.25139412387793
2,485.0,374.09112742444097,56.968744145932135
3,500.0,389.09112742444097,58.74355497873537
4,485.0,374.09112742444097,64.0731543013036
5,470.0,359.09112742444097,46.993848819442434
6,485.0,374.09112742444097,58.88101358553785
7,500.0,359.09112742444097,17.278119145932195
8,479.0244304302393,359.09112742444097,28.855264134785912
