,size,speed,energy
0,494.0244304302393,374.09112742444097,27.212872974386904
1,500.0,389.09112742444097,38.66712535502642
2,500.0,389.09112742444097,18.27102873770493
3,500.0,359.09112742444097,66.74253814479785
4,485.0,374.09112742444097,13.01987873560854
