,size,speed,energy
0,494.0244304302393,374.09112742444097,53.66981140735318
1,494.0244304302393,374.09112742444097,32.00850078483232
2,500.0,389.09112742444097,68.0553585578435
3,500.0,389.09112742444097,48.73266096415355
4,500.0,374.09112742444097,11.837608616046856
5,485.0,374.09112742444097,14.99431144077033
6,485.0,374.09112742444097,17.758517227996844
7,500.0,359.09112742444097,29.614488458967642
