,size,speed,energy
0,161.1806383110058,473.7430712821718,50
1,224.15094969108085,218.59928981701242,50
2,298.0621368133558,92.09239071095082,50
3,375.45664406750933,123.4926946069707,50
4,479.0244304302393,329.09112742444097,50
