,size,speed,energy
0,494.0244304302393,374.09112742444097,41.30576398388885
1,494.0244304302393,374.09112742444097,68.32955697283964
2,485.0,374.09112742444097,60.74022049694717
3,500.0,389.09112742444097,61.820138449111255
4,485.0,374.09112742444097,30.280964064430382
5,485.0,374.09112742444097,32.37651054048365
6,500.0,359.09112742444097,2.499010287357822
7,500.0,389.09112742444097,22.212934810137682
8,479.0244304302393,359.09112742444097,13.210540643526727
