,size,speed,energy
0,494.0244304302393,344.09112742444097,52.857091440051796
1,479.0244304302393,359.09112742444097,59.37193173225262
2,494.0244304302393,344.09112742444097,42.82252387438324
3,479.0244304302393,389.09112742444097,30.771179339778342
4,464.0244304302393,344.09112742444097,24.588405281762107
5,500.0,359.09112742444097,49.02434164357422
6,500.0,359.09112742444097,55.51661390907665
7,500.0,329.09112742444097,78.3403830196034
8,485.0,374.09112742444097,8.6761267842526
