,size,speed,energy
0,500.0,359.09112742444097,42.85564220889057
1,494.0244304302393,344.09112742444097,50.287552367328004
2,479.0244304302393,359.09112742444097,44.59720499782823
3,500.0,359.09112742444097,53.132253880958174
4,485.0,374.09112742444097,18.93378896328202
5,494.0244304302393,344.09112742444097,15.77201032889151
