,size,speed,energy
0,494.0244304302393,374.09112742444097,84.06027118454054
1,494.0244304302393,374.09112742444097,62.901899427461814
2,485.0,374.09112742444097,17.07347690893748
3,500.0,359.09112742444097,67.88017307755064
4,485.0,344.09112742444097,20.74618203069975
