,size,speed,energy
0,500,389.09112742444097,48.26470099001234
1,500,359.09112742444097,29.906799732634795
2,485,404.09112742444097,56.24298768515578
3,485,374.09112742444097,30.719977783090982
4,470,389.09112742444097,11.396950074862833
5,485,374.09112742444097,68.52818494819256
6,500,404.09112742444097,70.40839849609675
