,size,speed,energy
0,494.0244304302393,344.09112742444097,26.418366980545844
1,494.0244304302393,374.09112742444097,28.441757123524965
2,485.0,404.09112742444097,48.11198709217699
3,500.0,389.09112742444097,74.0099992359552
4,479.0244304302393,359.09112742444097,42.22730087084523
5,500.0,359.09112742444097,79.12000334280579
