,size,speed,energy
0,479.0244304302393,359.09112742444097,35.11950978845033
1,464.0244304302393,344.09112742444097,45.83759483779144
2,494.0244304302393,374.09112742444097,80.14677128677722
3,479.0244304302393,359.09112742444097,31.33118169916635
4,494.0244304302393,344.09112742444097,23.03178086586877
5,449.0244304302393,359.09112742444097,14.961855130478904
6,479.0244304302393,359.09112742444097,21.223691700025327
7,500.0,389.09112742444097,23.44181534348229
