,size,speed,energy
0,494.0244304302393,344.09112742444097,54.19707146831198
1,500.0,329.09112742444097,22.777269179352828
