,size,speed,energy
0,494.0244304302393,374.09112742444097,37.07691147383666
1,494.0244304302393,374.09112742444097,54.41609854590608
2,500.0,389.09112742444097,6.706297166921955
3,485.0,374.09112742444097,57.92786195524593
4,485.0,404.09112742444097,0.8094391032000818
5,500.0,389.09112742444097,16.271518192974526
