,size,speed,energy
0,494.0244304302393,344.09112742444097,54.61720345285228
1,494.0244304302393,374.09112742444097,37.76869764649541
2,500.0,389.09112742444097,45.25580298376047
3,479.0244304302393,359.09112742444097,39.61999511186915
4,494.0244304302393,344.09112742444097,66.38946256949293
5,479.0244304302393,359.09112742444097,32.492090329968576
6,500.0,374.09112742444097,66.28431181853853
7,464.0244304302393,374.09112742444097,78.16220575307268
8,479.0244304302393,359.09112742444097,47.412206071088946
