,size,speed,energy
0,494.0244304302393,344.09112742444097,45.44899007236274
