,size,speed,energy
0,500.0,359.09112742444097,53.93815005617145
1,494.0244304302393,344.09112742444097,50.91874300635682
2,479.0244304302393,359.09112742444097,68.66416905840074
3,500.0,359.09112742444097,57.47872376588886
4,485.0,374.09112742444097,19.732949933158643
