,size,speed,energy
0,494.0244304302393,344.09112742444097,7.837707974098529
1,479.0244304302393,329.09112742444097,47.52926127286426
2,500.0,359.09112742444097,68.36053249798
3,494.0244304302393,314.09112742444097,8.086796830504237
4,464.0244304302393,344.09112742444097,50.31050754973128
