,size,speed,energy
0,479.0244304302393,359.09112742444097,58.88737230761481
1,464.0244304302393,344.09112742444097,77.99050800924383
2,494.0244304302393,374.09112742444097,48.66448596487997
3,500.0,389.09112742444097,49.882673370890984
4,485.0,374.09112742444097,13.030577181864071
5,500.0,374.09112742444097,2.5587661687672973
6,479.0244304302393,359.09112742444097,18.171062726121093
7,500.0,404.09112742444097,24.51303746657932
