,size,speed,energy
0,479.0244304302393,329.09112742444097,43.627780884217586
1,500.0,359.09112742444097,95.81260171991819
2,494.0244304302393,314.09112742444097,48.75746170911022
3,464.0244304302393,344.09112742444097,73.95318025823386
4,485.0,374.09112742444097,42.04243048058153
