,size,speed,energy
0,500,359.09112742444097,68.8338707794403
1,485,404.09112742444097,39.813169045670406
2,485,374.09112742444097,63.742399154852855
3,485,374.09112742444097,21.01460858120594
4,500,404.09112742444097,55.301883122365396
5,500,389.09112742444097,70.56463770015378
6,500,389.09112742444097,53.68142973705892
7,485,419.09112742444097,7.996098907349712
