,size,speed,energy
0,479.0244304302393,359.09112742444097,63.9992508276338
1,464.0244304302393,344.09112742444097,41.33264583544096
2,494.0244304302393,374.09112742444097,59.6066510908351
3,500.0,389.09112742444097,8.894019267655263
4,479.0244304302393,359.09112742444097,26.36610959768816
5,500.0,404.09112742444097,25.93050558473597
6,494.0244304302393,344.09112742444097,20.546808330972066
