,size,speed,energy
0,298.0621368133558,92.09239071095082,23.857656378969462
1,375.45664406750933,123.4926946069707,26.49043041267245
2,479.0244304302393,329.09112742444097,75.710002422206
