,size,speed,energy
0,479.0244304302393,359.09112742444097,77.89179667170663
1,500.0,359.09112742444097,9.831001477992572
2,500.0,359.09112742444097,52.64678494172311
3,479.0244304302393,359.09112742444097,13.24121580682558
4,494.0244304302393,374.09112742444097,49.5159493782548
5,500.0,389.09112742444097,44.728346491987764
6,494.0244304302393,344.09112742444097,54.10340634807329
