,size,speed,energy
0,494.0244304302393,344.09112742444097,20.786784073201996
1,479.0244304302393,359.09112742444097,56.02650805793114
2,500.0,359.09112742444097,30.511729036755717
3,485.0,374.09112742444097,51.28016992051265
4,485.0,374.09112742444097,53.11181278369664
5,470.0,389.09112742444097,38.951335132682885
6,464.0244304302393,344.09112742444097,5.043705215064272
7,455.0,374.09112742444097,17.543630686964548
