,size,speed,energy
0,494.0244304302393,344.09112742444097,10.162181878736074
