,size,speed,energy
0,494.0244304302393,344.09112742444097,40.33073943385762
1,479.0244304302393,359.09112742444097,34.10454525655639
2,494.0244304302393,344.09112742444097,57.23197064332916
3,479.0244304302393,389.09112742444097,35.03983739624569
4,464.0244304302393,344.09112742444097,61.246267455564976
5,500.0,359.09112742444097,44.247293506517764
6,500.0,359.09112742444097,57.95756890972761
7,500.0,329.09112742444097,46.392269213729556
