,size,speed,energy
0,500,389.09112742444097,16.41742857633185
1,500,389.09112742444097,43.633701804508014
2,500,359.09112742444097,68.45795383587057
3,485,404.09112742444097,9.192687337026289
4,485,374.09112742444097,37.116925017023554
5,470,389.09112742444097,51.823104178098504
6,485,374.09112742444097,39.5953596406595
7,485,374.09112742444097,28.42045383587056
