,size,speed,energy
0,479.0244304302393,359.09112742444097,3.363828253280089
1,464.0244304302393,344.09112742444097,6.675115717488385
2,494.0244304302393,344.09112742444097,66.8268420327101
3,494.0244304302393,374.09112742444097,46.87247363905075
4,500.0,389.09112742444097,36.32630130689384
5,485.0,404.09112742444097,31.516458070792062
6,500.0,389.09112742444097,76.27241581998464
7,485.0,404.09112742444097,5.263569079090824
