,size,speed,energy
0,500.0,359.09112742444097,52.76188265011925
1,494.0244304302393,344.09112742444097,23.269982525063355
2,464.0244304302393,374.09112742444097,8.9141453729749
3,479.0244304302393,359.09112742444097,57.20430008541028
4,485.0,359.09112742444097,8.144105127228686
5,500.0,374.09112742444097,25.62531054864407
