,size,speed,energy
0,500,359.09112742444097,45.593486632415285
1,485,404.09112742444097,22.494409925383795
2,485,374.09112742444097,49.15260675487674
3,500,404.09112742444097,35.41009107249208
4,500,389.09112742444097,75.59178356925247
5,500,389.09112742444097,34.173674075474146
6,500,419.09112742444097,53.06660582109218
7,500,359.09112742444097,48.46801514227681
8,485,404.09112742444097,26.72521128736491
9,470,389.09112742444097,2.9144767508319838
10,500,404.09112742444097,2.1431132918642977
