,size,speed,energy
0,470.0,389.09112742444097,25.037807692106163
1,494.0244304302393,374.09112742444097,44.33365017590974
2,494.0244304302393,374.09112742444097,52.04332165322796
3,485.0,374.09112742444097,30.07585057725338
4,500.0,389.09112742444097,53.292112277845625
5,485.0,374.09112742444097,55.69098989270837
6,470.0,359.09112742444097,38.37155511619329
7,470.0,359.09112742444097,4.7960002193354425
8,485.0,374.09112742444097,42.31018318015314
