,size,speed,energy
0,494.0244304302393,344.09112742444097,48.43958962567945
1,479.0244304302393,329.09112742444097,48.16123872381782
