,size,speed,energy
0,494.0244304302393,344.09112742444097,67.48545936767046
1,479.0244304302393,329.09112742444097,12.440876550014984
