,size,speed,energy
0,470.0,389.09112742444097,47.1766610882689
1,494.0244304302393,374.09112742444097,63.77514840017744
2,494.0244304302393,374.09112742444097,51.4770309961975
3,485.0,374.09112742444097,59.09066675385477
4,500.0,389.09112742444097,65.9837655754458
5,485.0,374.09112742444097,60.33477680198207
6,470.0,359.09112742444097,48.207173974160746
7,455.0,404.09112742444097,18.082094477690255
8,470.0,359.09112742444097,42.40476778153887
9,485.0,374.09112742444097,38.25707668593647
