,size,speed,energy
0,494.0244304302393,374.09112742444097,42.20939190320287
1,494.0244304302393,374.09112742444097,64.94092801182363
2,485.0,374.09112742444097,21.251566393711435
3,500.0,389.09112742444097,35.4758176664089
4,485.0,374.09112742444097,34.50998955012846
5,485.0,404.09112742444097,25.795038629174517
6,500.0,389.09112742444097,28.360453835870572
