,size,speed,energy
0,494.0244304302393,344.09112742444097,23.374759132047
