,size,speed,energy
0,494.0244304302393,374.09112742444097,45.792925516821555
1,494.0244304302393,374.09112742444097,77.89322375216977
2,485.0,374.09112742444097,59.395480628443096
3,500.0,389.09112742444097,26.67567126898775
4,500.0,389.09112742444097,20.55630465251403
