,size,speed,energy
0,494.0244304302393,374.09112742444097,27.883968227390596
1,494.0244304302393,374.09112742444097,60.87329448710186
2,485.0,374.09112742444097,35.24190345513204
3,500.0,359.09112742444097,51.17207540328762
