,size,speed,energy
0,500.0,359.09112742444097,57.232806828018255
1,494.0244304302393,344.09112742444097,54.040589799295454
2,479.0244304302393,359.09112742444097,39.96559267611446
3,500.0,374.09112742444097,26.70637118921878
