,size,speed,energy
0,298.0621368133558,92.09239071095082,10.786484568454366
1,375.45664406750933,123.4926946069707,9.416836899590319
2,479.0244304302393,329.09112742444097,51.1692456632302
