,size,speed,energy
0,494.0244304302393,374.09112742444097,71.58180449644358
1,494.0244304302393,374.09112742444097,77.76114871756302
2,485.0,374.09112742444097,50.46709115375698
3,500.0,359.09112742444097,17.467997989748927
