,size,speed,energy
0,500,389.09112742444097,63.45204143736005
1,500,389.09112742444097,25.77576702194458
2,500,359.09112742444097,48.028346373973015
3,485,404.09112742444097,51.11884144026203
4,485,374.09112742444097,22.290559392785326
5,470,389.09112742444097,8.742785958512066
6,485,374.09112742444097,32.4910737048782
7,470,389.09112742444097,13.829538358705662
