,size,speed,energy
0,500,389.09112742444097,7.276046886776609
1,500,359.09112742444097,50.83764097010061
2,485,404.09112742444097,74.78624583362648
3,485,374.09112742444097,63.20624887599235
4,485,374.09112742444097,49.57978158609058
5,500,404.09112742444097,73.48078696662044
6,500,389.09112742444097,25.081361507611717
