,size,speed,energy
0,494.0244304302393,344.09112742444097,16.288242398431873
1,479.0244304302393,359.09112742444097,63.06508877987967
2,500.0,359.09112742444097,35.097619050312495
3,485.0,374.09112742444097,11.791515817276851
4,485.0,374.09112742444097,67.70262143589629
5,470.0,389.09112742444097,55.80015439797566
6,494.0244304302393,374.09112742444097,57.67811080378006
7,455.0,374.09112742444097,28.44295383587057
