,size,speed,energy
0,479.0244304302393,359.09112742444097,22.490330611120925
1,479.0244304302393,359.09112742444097,30.88420595667361
2,455.0,374.09112742444097,8.049545112155364
3,464.0244304302393,344.09112742444097,34.24658791116973
4,494.0244304302393,374.09112742444097,29.092323850432663
