,size,speed,energy
0,494.0244304302393,374.09112742444097,4.0425703152259
1,500.0,389.09112742444097,61.80827939204784
2,500.0,389.09112742444097,25.089309144366993
3,500.0,359.09112742444097,56.132826645855474
4,485.0,404.09112742444097,68.63968575086301
5,485.0,374.09112742444097,33.86559313081876
