,size,speed,energy
0,479.0244304302393,359.09112742444097,60.01452864685031
1,500.0,359.09112742444097,36.567231337448476
2,494.0244304302393,374.09112742444097,23.189269260558092
3,500.0,389.09112742444097,50.767553123892036
4,494.0244304302393,344.09112742444097,52.50562308757693
5,464.0244304302393,374.09112742444097,66.98229799320865
6,479.0244304302393,359.09112742444097,26.437497057069784
7,500.0,374.09112742444097,30.986072549615038
