,size,speed,energy
0,494.0244304302393,344.09112742444097,58.46168772612116
1,500.0,329.09112742444097,15.728543646861702
2,479.0244304302393,329.09112742444097,18.926687726121177
