,size,speed,energy
0,494.0244304302393,344.09112742444097,20.73220089378339
1,479.0244304302393,359.09112742444097,55.326228343609074
2,500.0,359.09112742444097,21.013663819309073
3,500.0,359.09112742444097,49.03453468778997
4,479.0244304302393,359.09112742444097,1.4972454213389992
5,479.0244304302393,359.09112742444097,81.01749935889046
6,494.0244304302393,374.09112742444097,53.33030433052693
7,500.0,389.09112742444097,12.374878735608638
8,464.0244304302393,374.09112742444097,19.835205834811276
