,size,speed,energy
0,494.0244304302393,344.09112742444097,25.816208679493247
1,479.0244304302393,329.09112742444097,44.60136349014473
2,500.0,359.09112742444097,33.73016864601833
