,size,speed,energy
0,298.0621368133558,92.09239071095082,19.156197461399
1,479.0244304302393,329.09112742444097,62.04137492192966
2,494.0244304302393,344.09112742444097,8.424895832862047
