,size,speed,energy
0,485.0,344.09112742444097,4.519665862953087
1,485.0,374.09112742444097,26.812985905655623
2,479.0244304302393,359.09112742444097,89.88503554144779
3,479.0244304302393,359.09112742444097,52.93551778304985
4,455.0,374.09112742444097,46.97569921539129
5,464.0244304302393,344.09112742444097,51.44810643495901
6,500.0,359.09112742444097,2.0755949308589146
7,479.0244304302393,359.09112742444097,7.868439939194341
